Workbook

Sheet Instructions
A1: Cycle Symptom Tracker
A2: Combines the symptom categories found in Flo, Clue and Stardust, plus common cycle symptoms.
A4: How to use
A5: 1. | B5: On 'Symptom Grid', enter the first day of your period in the yellow cell (C2). Dates fill in automatically.
A6: 2. | B6: Each day, type 1, 2 or 3 in that day's column next to each symptom you felt (1 = mild, 2 = moderate, 3 = severe). Any mark counts.
A7: 3. | B7: On 'Daily Journal', add one row per day for numbers such as sleep, water, temperature and weight.
A8: 4. | B8: Check the totals on the right of 'Symptom Grid' to see which phase each symptom clusters in.
A9: 5. | B9: Start a new copy of the file (or clear the marks) for each new cycle.
A10: Legend
A11: Yellow cell, blue text | B11: means: cells you fill in
A12: Black text | B12: means: formulas, do not edit
A14: Example of filling in the grid
A15: Symptom | B15: Day 1 | C15: Day 2 | D15: Day 3 | E15: Day 4 | F15: Day 5
A16: Cramps | B16: 3 | C16: 2 | D16: 1
A17: Fatigue | B17: 2 | C17: 2 | D17: 1 | E17: 1
A18: Irritable | E18: 2 | F18: 1
A19: Example only. These marks are not in the real grid.
A21: Assumptions
A22: • | B22: Phase totals use fixed day ranges: Menstrual = days 1-5, Follicular = 6-13, Ovulation = 14-16, Luteal = 17-35.
A23: • | B23: These are typical for a ~28-day cycle. Your own phases may fall on different days, so treat phase totals as a rough guide.
A24: • | B24: The symptom list is compiled from app descriptions and general knowledge; exact options in each app may differ.
A25: • | B25: This tracker is for personal tracking only and is not medical advice. Share it with a doctor if symptoms worry you.

Sheet Symptom Grid
A1: Symptom Grid
A2: Cycle start date (Day 1): | G2: Leave blank until you know it. Mark severity 1 (mild) to 3 (severe) under each day.
A4: Category | B4: Symptom | C4: Day 1 | D4: Day 2 | E4: Day 3 | F4: Day 4 | G4: Day 5 | H4: Day 6 | I4: Day 7 | J4: Day 8 | K4: Day 9 | L4: Day 10 | M4: Day 11 | N4: Day 12 | O4: Day 13 | P4: Day 14 | Q4: Day 15 | R4: Day 16 | S4: Day 17 | T4: Day 18 | U4: Day 19 | V4: Day 20 | W4: Day 21 | X4: Day 22 | Y4: Day 23 | Z4: Day 24 | AA4: Day 25 | AB4: Day 26 | AC4: Day 27 | AD4: Day 28 | AE4: Day 29 | AF4: Day 30 | AG4: Day 31 | AH4: Day 32 | AI4: Day 33 | AJ4: Day 34 | AK4: Day 35 | AL4: Total days | AM4: Menstrual | AN4: Follicular | AO4: Ovulation | AP4: Luteal
A5: Date | C5: =IF($C$2="","",$C$2+0) | D5: =IF($C$2="","",$C$2+1) | E5: =IF($C$2="","",$C$2+2) | F5: =IF($C$2="","",$C$2+3) | G5: =IF($C$2="","",$C$2+4) | H5: =IF($C$2="","",$C$2+5) | I5: =IF($C$2="","",$C$2+6) | J5: =IF($C$2="","",$C$2+7) | K5: =IF($C$2="","",$C$2+8) | L5: =IF($C$2="","",$C$2+9) | M5: =IF($C$2="","",$C$2+10) | N5: =IF($C$2="","",$C$2+11) | O5: =IF($C$2="","",$C$2+12) | P5: =IF($C$2="","",$C$2+13) | Q5: =IF($C$2="","",$C$2+14) | R5: =IF($C$2="","",$C$2+15) | S5: =IF($C$2="","",$C$2+16) | T5: =IF($C$2="","",$C$2+17) | U5: =IF($C$2="","",$C$2+18) | V5: =IF($C$2="","",$C$2+19) | W5: =IF($C$2="","",$C$2+20) | X5: =IF($C$2="","",$C$2+21) | Y5: =IF($C$2="","",$C$2+22) | Z5: =IF($C$2="","",$C$2+23) | AA5: =IF($C$2="","",$C$2+24) | AB5: =IF($C$2="","",$C$2+25) | AC5: =IF($C$2="","",$C$2+26) | AD5: =IF($C$2="","",$C$2+27) | AE5: =IF($C$2="","",$C$2+28) | AF5: =IF($C$2="","",$C$2+29) | AG5: =IF($C$2="","",$C$2+30) | AH5: =IF($C$2="","",$C$2+31) | AI5: =IF($C$2="","",$C$2+32) | AJ5: =IF($C$2="","",$C$2+33) | AK5: =IF($C$2="","",$C$2+34)
A6: Phase (assumed) | C6: Mens | D6: Mens | E6: Mens | F6: Mens | G6: Mens | H6: Foll | I6: Foll | J6: Foll | K6: Foll | L6: Foll | M6: Foll | N6: Foll | O6: Foll | P6: Ovul | Q6: Ovul | R6: Ovul | S6: Lute | T6: Lute | U6: Lute | V6: Lute | W6: Lute | X6: Lute | Y6: Lute | Z6: Lute | AA6: Lute | AB6: Lute | AC6: Lute | AD6: Lute | AE6: Lute | AF6: Lute | AG6: Lute | AH6: Lute | AI6: Lute | AJ6: Lute | AK6: Lute
A7: Period & bleeding | B7: Light flow | AL7: =COUNTA(C7:AK7) -> 0 | AM7: =COUNTA(C7:G7) -> 0 | AN7: =COUNTA(H7:O7) -> 0 | AO7: =COUNTA(P7:R7) -> 0 | AP7: =COUNTA(S7:AK7) -> 0
A8: Period & bleeding | B8: Medium flow | AL8: =COUNTA(C8:AK8) -> 0 | AM8: =COUNTA(C8:G8) -> 0 | AN8: =COUNTA(H8:O8) -> 0 | AO8: =COUNTA(P8:R8) -> 0 | AP8: =COUNTA(S8:AK8) -> 0
A9: Period & bleeding | B9: Heavy flow | AL9: =COUNTA(C9:AK9) -> 0 | AM9: =COUNTA(C9:G9) -> 0 | AN9: =COUNTA(H9:O9) -> 0 | AO9: =COUNTA(P9:R9) -> 0 | AP9: =COUNTA(S9:AK9) -> 0
A10: Period & bleeding | B10: Spotting | AL10: =COUNTA(C10:AK10) -> 0 | AM10: =COUNTA(C10:G10) -> 0 | AN10: =COUNTA(H10:O10) -> 0 | AO10: =COUNTA(P10:R10) -> 0 | AP10: =COUNTA(S10:AK10) -> 0
A11: Period & bleeding | B11: Blood clots | AL11: =COUNTA(C11:AK11) -> 0 | AM11: =COUNTA(C11:G11) -> 0 | AN11: =COUNTA(H11:O11) -> 0 | AO11: =COUNTA(P11:R11) -> 0 | AP11: =COUNTA(S11:AK11) -> 0
A12: Pain & body | B12: Cramps | AL12: =COUNTA(C12:AK12) -> 0 | AM12: =COUNTA(C12:G12) -> 0 | AN12: =COUNTA(H12:O12) -> 0 | AO12: =COUNTA(P12:R12) -> 0 | AP12: =COUNTA(S12:AK12) -> 0
A13: Pain & body | B13: Abdominal pain | AL13: =COUNTA(C13:AK13) -> 0 | AM13: =COUNTA(C13:G13) -> 0 | AN13: =COUNTA(H13:O13) -> 0 | AO13: =COUNTA(P13:R13) -> 0 | AP13: =COUNTA(S13:AK13) -> 0
A14: Pain & body | B14: Headache | AL14: =COUNTA(C14:AK14) -> 0 | AM14: =COUNTA(C14:G14) -> 0 | AN14: =COUNTA(H14:O14) -> 0 | AO14: =COUNTA(P14:R14) -> 0 | AP14: =COUNTA(S14:AK14) -> 0
A15: Pain & body | B15: Migraine | AL15: =COUNTA(C15:AK15) -> 0 | AM15: =COUNTA(C15:G15) -> 0 | AN15: =COUNTA(H15:O15) -> 0 | AO15: =COUNTA(P15:R15) -> 0 | AP15: =COUNTA(S15:AK15) -> 0
A16: Pain & body | B16: Backache | AL16: =COUNTA(C16:AK16) -> 0 | AM16: =COUNTA(C16:G16) -> 0 | AN16: =COUNTA(H16:O16) -> 0 | AO16: =COUNTA(P16:R16) -> 0 | AP16: =COUNTA(S16:AK16) -> 0
A17: Pain & body | B17: Joint / muscle aches | AL17: =COUNTA(C17:AK17) -> 0 | AM17: =COUNTA(C17:G17) -> 0 | AN17: =COUNTA(H17:O17) -> 0 | AO17: =COUNTA(P17:R17) -> 0 | AP17: =COUNTA(S17:AK17) -> 0
A18: Pain & body | B18: Ovulation pain | AL18: =COUNTA(C18:AK18) -> 0 | AM18: =COUNTA(C18:G18) -> 0 | AN18: =COUNTA(H18:O18) -> 0 | AO18: =COUNTA(P18:R18) -> 0 | AP18: =COUNTA(S18:AK18) -> 0
... A90: Medication & tests | B90: Pregnancy test | AL90: =COUNTA(C90:AK90) -> 0 | AM90: =COUNTA(C90:G90) -> 0 | AN90: =COUNTA(H90:O90) -> 0 | AO90: =COUNTA(P90:R90) -> 0 | AP90: =COUNTA(S90:AK90) -> 0

Sheet Daily Journal
A1: Daily Journal
A2: Row 5 (grey italic) is an example. Enter your own days from row 6 down.
A4: Date | B4: Cycle day | C4: Flow | D4: Mood (1-5) | E4: Energy (1-5) | F4: Pain (0-10) | G4: Sleep (hours) | H4: Sleep quality (1-5) | I4: Water (glasses) | J4: Temp (°C) | K4: Weight (kg) | L4: Discharge | M4: Sex | N4: Exercise | O4: Medication / birth control | P4: Notes
A5: 46296 | B5: 1 | C5: Medium | D5: 2 | E5: 2 | F5: 6 | G5: 6.5 | H5: 2 | I5: 6 | J5: 36.4 | K5: 62 | L5: None | M5: None | N5: Rest day | O5: Ibuprofen 400 mg | P5: Bad cramps in the morning, better after a heat pack
B6: =IF(OR(A6="",'Symptom Grid'!$C$2=""),"",A6-'Symptom Grid'!$C$2+1)
B7: =IF(OR(A7="",'Symptom Grid'!$C$2=""),"",A7-'Symptom Grid'!$C$2+1)
B8: =IF(OR(A8="",'Symptom Grid'!$C$2=""),"",A8-'Symptom Grid'!$C$2+1)
B9: =IF(OR(A9="",'Symptom Grid'!$C$2=""),"",A9-'Symptom Grid'!$C$2+1)
B10: =IF(OR(A10="",'Symptom Grid'!$C$2=""),"",A10-'Symptom Grid'!$C$2+1)
B11: =IF(OR(A11="",'Symptom Grid'!$C$2=""),"",A11-'Symptom Grid'!$C$2+1)
B12: =IF(OR(A12="",'Symptom Grid'!$C$2=""),"",A12-'Symptom Grid'!$C$2+1)
B13: =IF(OR(A13="",'Symptom Grid'!$C$2=""),"",A13-'Symptom Grid'!$C$2+1)
B14: =IF(OR(A14="",'Symptom Grid'!$C$2=""),"",A14-'Symptom Grid'!$C$2+1)
B15: =IF(OR(A15="",'Symptom Grid'!$C$2=""),"",A15-'Symptom Grid'!$C$2+1)
B16: =IF(OR(A16="",'Symptom Grid'!$C$2=""),"",A16-'Symptom Grid'!$C$2+1)
B17: =IF(OR(A17="",'Symptom Grid'!$C$2=""),"",A17-'Symptom Grid'!$C$2+1)
... B65: =IF(OR(A65="",'Symptom Grid'!$C$2=""),"",A65-'Symptom Grid'!$C$2+1)
